<?xml version='1.0' encoding='UTF-8'?>
<!DOCTYPE hibernate-configuration PUBLIC
          "-//Hibernate/Hibernate Configuration DTD 3.0//EN"
          "http://hibernate.sourceforge.net/hibernate-configuration-3.0.dtd">

<!-- Generated by MyEclipse Hibernate Tools. -->
<hibernate-configuration>

	<session-factory>
		<property name="hbm2ddl.auto">update</property>
		<property name="dialect">org.hibernate.dialect.OracleDialect</property>
		<property name="connection.url">jdbc:oracle:thin:@localhost:1521:orcl</property>
		<property name="connection.username">hr</property>
		<property name="connection.password">hr</property>
		<property name="connection.driver_class">oracle.jdbc.driver.OracleDriver</property>
		<mapping class="com.dto.ActorDTO" />
		<mapping class="com.dto.FanDTO" />
	</session-factory>

</hibernate-configuration>